[
  {
    "timestamp": "2024-01-10T09:00:00.000000",
    "student_name": "Ahmed Farah",
    "grade_level": "Grade 5",
    "teacher_name": "Ms. Amina",
    "assessment_date": "2024-01-10",
    "math_score": 85,
    "reading_score": 88,
    "writing_score": 80,
    "attendance": 98,
    "behavior": 5,
    "literacy": 9,
    "prediction": 0,
    "probability": 0.15,
    "risk_level": "Low Risk",
    "notes": "Consistently strong academic performance. Engaged and proactive."
  },
  {
    "timestamp": "2024-02-12T10:30:00.000000",
    "student_name": "Ahmed Farah",
    "grade_level": "Grade 5",
    "teacher_name": "Ms. Amina",
    "assessment_date": "2024-02-12",
    "math_score": 88,
    "reading_score": 90,
    "writing_score": 85,
    "attendance": 97,
    "behavior": 5,
    "literacy": 9,
    "prediction": 0,
    "probability": 0.12,
    "risk_level": "Low Risk",
    "notes": "Excellent progress, mastering new concepts quickly."
  },
  {
    "timestamp": "2024-03-05T11:45:00.000000",
    "student_name": "Fatima Ali",
    "grade_level": "Grade 4",
    "teacher_name": "Mr. Omar",
    "assessment_date": "2024-03-05",
    "math_score": 60,
    "reading_score": 65,
    "writing_score": 55,
    "attendance": 85,
    "behavior": 3,
    "literacy": 5,
    "prediction": 1,
    "probability": 0.48,
    "risk_level": "Medium Risk",
    "notes": "Struggles with comprehension and word problems. Needs targeted intervention."
  },
  {
    "timestamp": "2024-04-01T14:00:00.000000",
    "student_name": "Omar Hassan",
    "grade_level": "Grade 6",
    "teacher_name": "Ms. Amina",
    "assessment_date": "2024-04-01",
    "math_score": 72,
    "reading_score": 70,
    "writing_score": 75,
    "attendance": 90,
    "behavior": 4,
    "literacy": 7,
    "prediction": 0,
    "probability": 0.25,
    "risk_level": "Low Risk",
    "notes": "Steady performance, occasionally needs prompting."
  },
  {
    "timestamp": "2024-05-20T09:15:00.000000",
    "student_name": "Aisha Yusuf",
    "grade_level": "Grade 3",
    "teacher_name": "Mr. Omar",
    "assessment_date": "2024-05-20",
    "math_score": 40,
    "reading_score": 35,
    "writing_score": 45,
    "attendance": 70,
    "behavior": 2,
    "literacy": 3,
    "prediction": 1,
    "probability": 0.85,
    "risk_level": "High Risk",
    "notes": "Significant difficulties across all core subjects. Requires immediate specialist assessment."
  },
  {
    "timestamp": "2024-06-01T10:00:00.000000",
    "student_name": "Ahmed Farah",
    "grade_level": "Grade 5",
    "teacher_name": "Ms. Amina",
    "assessment_date": "2024-06-01",
    "math_score": 89,
    "reading_score": 92,
    "writing_score": 87,
    "attendance": 99,
    "behavior": 5,
    "literacy": 9,
    "prediction": 0,
    "probability": 0.10,
    "risk_level": "Low Risk",
    "notes": "Continues to excel. No concerns."
  },
  {
    "timestamp": "2024-06-10T11:00:00.000000",
    "student_name": "Fatima Ali",
    "grade_level": "Grade 4",
    "teacher_name": "Mr. Omar",
    "assessment_date": "2024-06-10",
    "math_score": 68,
    "reading_score": 70,
    "writing_score": 62,
    "attendance": 88,
    "behavior": 3,
    "literacy": 6,
    "prediction": 0,
    "probability": 0.38,
    "risk_level": "Medium Risk",
    "notes": "Small improvements with interventions. Still needs consistent support."
  },
  {
    "timestamp": "2024-06-25T13:00:00.000000",
    "student_name": "Layla Mohamed",
    "grade_level": "Grade 2",
    "teacher_name": "Ms. Sofia",
    "assessment_date": "2024-06-25",
    "math_score": 78,
    "reading_score": 75,
    "writing_score": 72,
    "attendance": 93,
    "behavior": 4,
    "literacy": 7,
    "prediction": 0,
    "probability": 0.20,
    "risk_level": "Low Risk",
    "notes": "Adapting well to new concepts. Good social skills."
  },
  {
    "timestamp": "2024-07-01T09:00:00.000000",
    "student_name": "Aisha Yusuf",
    "grade_level": "Grade 3",
    "teacher_name": "Mr. Omar",
    "assessment_date": "2024-07-01",
    "math_score": 45,
    "reading_score": 40,
    "writing_score": 50,
    "attendance": 75,
    "behavior": 2,
    "literacy": 3,
    "prediction": 1,
    "probability": 0.78,
    "risk_level": "High Risk",
    "notes": "Interventions showing slow progress. Continued close monitoring needed."
  },
  {
    "timestamp": "2024-07-05T10:00:00.000000",
    "student_name": "Zakaria Abdi",
    "grade_level": "Grade 1",
    "teacher_name": "Ms. Sofia",
    "assessment_date": "2024-07-05",
    "math_score": 55,
    "reading_score": 50,
    "writing_score": 58,
    "attendance": 80,
    "behavior": 3,
    "literacy": 4,
    "prediction": 1,
    "probability": 0.60,
    "risk_level": "Medium Risk",
    "notes": "Shows potential but easily distracted. Needs engaging activities."
  },
  {
    "timestamp": "2024-07-08T14:30:00.000000",
    "student_name": "Ahmed Farah",
    "grade_level": "Grade 5",
    "teacher_name": "Ms. Amina",
    "assessment_date": "2024-07-08",
    "math_score": 90,
    "reading_score": 93,
    "writing_score": 88,
    "attendance": 98,
    "behavior": 5,
    "literacy": 9,
    "prediction": 0,
    "probability": 0.08,
    "risk_level": "Low Risk",
    "notes": "Outstanding results across the board."
  }
]